INSERT INTO customers (customer_id, customer_name, email, phone, region) VALUES
(1, 'Alice Johnson', 'alice@email.com', '1111111111', 'North'),
(2, 'Bob Smith', 'bob@email.com', '2222222222', 'South'),
(3, 'Charlie Brown', 'charlie@email.com', '3333333333', 'East'),
(4, 'Diana Prince', 'diana@email.com', '4444444444', 'West'),
(5, 'Ethan Hunt', 'ethan@email.com', '5555555555', 'North'),
(6, 'Fiona Shaw', 'fiona@email.com', '6666666666', 'South'),
(7, 'George Hall', 'george@email.com', '7777777777', 'East'),
(8, 'Hannah Lee', 'hannah@email.com', '8888888888', 'West'),
(9, 'Ian Scott', 'ian@email.com', '9999999999', 'North'),
(10, 'Julia Adams', 'julia@email.com', '1010101010', 'South'),
(11, 'Kevin White', 'kevin@email.com', '1212121212', 'East'),
(12, 'Laura King', 'laura@email.com', '1313131313', 'West'),
(13, 'Michael Chen', 'michael@email.com', '1414141414', 'North'),
(14, 'Nina Patel', 'nina@email.com', '1515151515', 'South'),
(15, 'Oliver Wright', 'oliver@email.com', '1616161616', 'East'),
(16, 'Paula Green', 'paula@email.com', '1717171717', 'West'),
(17, 'Raj Singh', 'raj@email.com', '1818181818', 'North'),
(18, 'Sophia Turner', 'sophia@email.com', '1919191919', 'South'),
(19, 'Tom Harris', 'tom@email.com', '2020202020', 'East'),
(20, 'Uma Das', 'uma@email.com', '2121212121', 'West');
INSERT INTO products (product_id, product_name, category, unit_price, cost_price) VALUES
(101, 'Laptop', 'Electronics', 800, 600),
(102, 'Smartphone', 'Electronics', 500, 350),
(103, 'Tablet', 'Electronics', 300, 200),
(104, 'Headphones', 'Electronics', 100, 60),
(105, 'Smartwatch', 'Electronics', 250, 180),
(106, 'Desk Chair', 'Furniture', 150, 100),
(107, 'Office Desk', 'Furniture', 400, 300),
(108, 'Bookshelf', 'Furniture', 200, 120),
(109, 'Sofa', 'Furniture', 700, 500),
(110, 'Dining Table', 'Furniture', 600, 450),
(111, 'Running Shoes', 'Sportswear', 120, 80),
(112, 'Jacket', 'Sportswear', 200, 150),
(113, 'T-Shirt', 'Sportswear', 40, 20),
(114, 'Backpack', 'Sportswear', 90, 60),
(115, 'Football', 'Sportswear', 50, 30);
INSERT INTO orders (order_id, customer_id, order_date, total_amount) VALUES
(1001, 1, '2025-09-01', 950),
(1002, 2, '2025-09-02', 1200),
(1003, 3, '2025-09-03', 400),
(1004, 4, '2025-09-04', 750),
(1005, 5, '2025-09-05', 1350),
(1006, 6, '2025-09-06', 560),
(1007, 7, '2025-09-07', 880),
(1008, 8, '2025-09-08', 220),
(1009, 9, '2025-09-09', 640),
(1010, 10, '2025-09-10', 1020),
(1011, 11, '2025-09-11', 570),
(1012, 12, '2025-09-12', 1490),
(1013, 13, '2025-09-13', 430),
(1014, 14, '2025-09-14', 980),
(1015, 15, '2025-09-15', 250),
(1016, 16, '2025-09-16', 300),
(1017, 17, '2025-09-17', 700),
(1018, 18, '2025-09-18', 1350),
(1019, 19, '2025-09-19', 560),
(1020, 20, '2025-09-20', 460),
(1021, 1, '2025-09-21', 870),
(1022, 2, '2025-09-22', 990),
(1023, 3, '2025-09-23', 1150),
(1024, 4, '2025-09-24', 780),
(1025, 5, '2025-09-25', 430);
INSERT INTO order_items (order_item_id, order_id, product_id, quantity, unit_price) VALUES
(1, 1001, 101, 1, 800),
(2, 1001, 104, 1, 100),
(3, 1001, 113, 1, 50),
(4, 1002, 102, 2, 500),
(5, 1002, 106, 1, 200),
(6, 1003, 105, 1, 250),
(7, 1003, 111, 1, 120),
(8, 1004, 109, 1, 700),
(9, 1004, 114, 2, 90),
(10, 1005, 101, 1, 800),
(11, 1005, 107, 1, 400),
(12, 1005, 112, 1, 150),
(13, 1006, 103, 1, 300),
(14, 1006, 115, 2, 50),
(15, 1007, 108, 2, 200),
(16, 1007, 104, 2, 100),
(17, 1008, 113, 5, 40),
(18, 1009, 106, 2, 150),
(19, 1009, 111, 1, 120),
(20, 1010, 101, 1, 800),
(21, 1010, 105, 1, 250),
(22, 1010, 114, 1, 90),
(23, 1011, 103, 1, 300),
(24, 1011, 115, 2, 50),
(25, 1012, 109, 2, 700),
(26, 1012, 110, 1, 600),
(27, 1012, 104, 1, 100),
(28, 1013, 108, 1, 200),
(29, 1013, 113, 2, 40),
(30, 1014, 102, 1, 500),
(31, 1014, 111, 1, 120),
(32, 1014, 115, 1, 50),
(33, 1015, 113, 5, 40),
(34, 1016, 104, 3, 100),
(35, 1017, 106, 2, 150),
(36, 1017, 114, 1, 90),
(37, 1018, 101, 1, 800),
(38, 1018, 110, 1, 600),
(39, 1018, 112, 1, 200),
(40, 1019, 102, 1, 500),
(41, 1019, 107, 1, 400),
(42, 1020, 103, 1, 300),
(43, 1020, 111, 1, 120),
(44, 1021, 109, 1, 700),
(45, 1021, 114, 1, 90),
(46, 1022, 101, 1, 800),
(47, 1022, 104, 2, 100),
(48, 1023, 105, 1, 250),
(49, 1023, 108, 2, 200),
(50, 1024, 110, 1, 600),
(51, 1024, 113, 3, 40),
(52, 1025, 112, 1, 200),
(53, 1025, 115, 2, 50);
